,OPEN,HIGH,LOW,CLOSE,VOLUME,AMT
2022-05-27,0.984,0.992,0.961,0.965,262578711.0,256989698.0
2022-05-30,0.967,0.989,0.959,0.984,158514857.0,155151799.0
2022-05-31,0.982,1.018,0.971,1.017,556526405.0,558809554.0
2022-06-01,1.015,1.04,1.011,1.029,271619999.0,279272559.0
2022-06-02,1.025,1.1,1.023,1.093,266491960.0,280943005.0
2022-06-06,1.111,1.138,1.092,1.127,166764595.0,186678421.0
2022-06-07,1.117,1.122,1.095,1.105,126943000.0,140427892.0
2022-06-08,1.105,1.116,1.085,1.104,86437420.0,95071749.0
2022-06-09,1.095,1.1,1.059,1.065,87076100.0,93768695.0
2022-06-10,1.06,1.087,1.055,1.084,66770800.0,71626444.0
2022-06-13,1.064,1.077,1.058,1.065,80134300.0,85399483.0
2022-06-14,1.057,1.057,1.018,1.049,84821200.0,87663079.0
2022-06-15,1.049,1.069,1.042,1.045,120999200.0,127774903.0
2022-06-16,1.047,1.076,1.047,1.056,143472800.0,153187551.0
2022-06-17,1.048,1.061,1.033,1.056,76296501.0,79920737.0
2022-06-20,1.056,1.07,1.047,1.049,59895400.0,63219760.0
2022-06-21,1.048,1.052,1.023,1.034,116145470.0,120159265.0
2022-06-22,1.034,1.038,1.003,1.006,145058500.0,147333991.0
2022-06-23,1.006,1.029,1.001,1.028,83630400.0,84862414.0
2022-06-24,1.031,1.045,1.024,1.035,67319600.0,69605927.0
2022-06-27,1.035,1.047,1.032,1.034,64097500.0,66710433.00000001
2022-06-28,1.033,1.049,1.014,1.047,64931505.00000001,66824337.0
2022-06-29,1.042,1.063,1.031,1.035,72061100.0,75604203.0
2022-06-30,1.034,1.054,1.03,1.045,70597600.0,73669365.0
2022-07-01,1.046,1.046,1.024,1.03,114695100.0,118166827.0
2022-07-04,1.025,1.03,0.998,1.004,105230700.0,105727032.0
2022-07-05,1.003,1.015,0.984,0.994,74710200.0,74494127.0
2022-07-06,0.995,1.029,0.993,1.011,89957349.0,91325272.0
2022-07-07,1.012,1.012,0.995,1.001,75801749.0,75820597.0
2022-07-08,1.0,1.02,0.998,1.007,74755533.0,75347741.0
2022-07-11,1.003,1.004,0.978,0.986,57413400.0,56574340.0
2022-07-12,0.986,0.989,0.954,0.954,73083800.0,70756524.0
2022-07-13,0.957,0.96,0.942,0.946,54397200.0,51529529.0
2022-07-14,0.947,0.964,0.943,0.957,62100200.0,59312704.0
2022-07-15,0.951,0.974,0.951,0.957,63336200.0,61095038.0
2022-07-18,0.952,0.963,0.944,0.958,53952700.0,51361620.0
2022-07-19,0.958,0.966,0.95,0.964,62383800.0,59782666.0
2022-07-20,0.972,0.979,0.967,0.971,58697800.0,57145158.0
2022-07-21,0.972,1.013,0.966,0.996,75575200.0,75697577.0
2022-07-22,1.001,1.005,0.976,0.984,54952000.0,54437407.0
2022-07-25,0.984,1.0,0.979,0.983,53670100.0,52999569.0
2022-07-26,0.977,0.986,0.97,0.985,60269400.0,58985240.0
2022-07-27,0.979,0.988,0.976,0.983,60035900.0,58986309.0
2022-07-28,0.989,1.009,0.986,1.002,63975800.0,64028928.0
2022-07-29,1.001,1.003,0.983,0.984,53098000.0,52684223.0
2022-08-01,0.984,1.004,0.964,1.002,61254573.0,60835666.0
2022-08-02,0.981,1.008,0.978,1.0,72231300.0,71840077.0
2022-08-03,0.997,1.05,0.997,1.024,94660900.0,96491075.0
2022-08-04,1.028,1.048,1.025,1.038,72557500.0,75164471.0
2022-08-05,1.045,1.121,1.038,1.12,113576820.0,123408147.0
2022-08-08,1.132,1.132,1.094,1.108,86472745.0,95885314.0
2022-08-09,1.1,1.11,1.08,1.109,87980400.0,95796524.0
2022-08-10,1.095,1.122,1.088,1.098,81039200.0,90018656.0
2022-08-11,1.101,1.126,1.101,1.121,71894060.0,80179645.0
2022-08-12,1.122,1.128,1.095,1.102,65947000.0,73146235.0
2022-08-15,1.095,1.098,1.08,1.081,64377900.0,69906577.0
2022-08-16,1.074,1.089,1.067,1.07,74947800.0,80631239.0
2022-08-17,1.066,1.074,1.059,1.07,63771000.0,68043541.0
2022-08-18,1.073,1.086,1.061,1.084,64224800.0,69069980.0
2022-08-19,1.084,1.103,1.056,1.059,65962073.0,71323637.0
2022-08-22,1.048,1.067,1.042,1.056,57101600.0,60309762.0
2022-08-23,1.058,1.059,1.046,1.049,57156463.0,60064950.0
2022-08-24,1.045,1.053,1.001,1.006,79947200.0,81539093.0
2022-08-25,1.005,1.01,0.981,0.991,72768500.0,72045702.0
2022-08-26,1.001,1.003,0.976,0.98,70068500.0,69283432.0
2022-08-29,0.958,0.986,0.958,0.984,60034900.0,58720575.0
2022-08-30,0.981,0.989,0.973,0.982,59779200.0,58526812.0
2022-08-31,0.978,0.985,0.966,0.97,64073200.0,62438062.0
2022-09-01,0.976,0.99,0.967,0.967,60459100.0,59162395.0
2022-09-02,0.968,0.988,0.964,0.983,63494500.0,62259591.0
2022-09-05,0.982,0.983,0.961,0.973,63530700.0,61615961.0
2022-09-06,0.974,0.978,0.96,0.97,68434200.0,66176340.0
2022-09-07,0.974,1.003,0.971,0.99,73838900.0,73190674.0
2022-09-08,0.99,0.993,0.981,0.981,68648400.0,67746845.0
2022-09-09,0.987,0.987,0.966,0.975,66137700.0,64171471.0
2022-09-13,0.974,0.997,0.972,0.981,58369000.0,57458825.0
2022-09-14,0.97,0.991,0.966,0.99,71239800.0,69803666.0
2022-09-15,0.989,0.995,0.962,0.971,62206800.0,61015251.0
2022-09-16,0.964,0.992,0.964,0.975,75165300.0,73905550.0
2022-09-19,0.981,0.981,0.948,0.952,74091500.0,71405894.0
2022-09-20,0.95,0.96,0.939,0.948,66293800.0,62848326.0
2022-09-21,0.943,0.947,0.927,0.932,66468700.0,62081389.0
2022-09-22,0.926,0.944,0.925,0.934,58820600.0,55016920.0
2022-09-23,0.934,0.935,0.908,0.91,97311500.0,89490485.0
2022-09-26,0.905,0.917,0.9,0.905,64486600.0,58562253.0
2022-09-27,0.901,0.924,0.901,0.924,73133900.0,66923918.00000001
2022-09-28,0.919,0.923,0.9,0.902,56223500.0,51156263.0
2022-09-29,0.907,0.92,0.9,0.904,55560700.0,50599347.0
2022-09-30,0.902,0.907,0.885,0.888,54625200.0,49031076.0
2022-10-10,0.883,0.883,0.831,0.832,69418100.0,58818391.0
2022-10-11,0.828,0.835,0.813,0.817,65436300.0,53476234.0
2022-10-12,0.813,0.86,0.805,0.857,75409800.0,61828351.0
2022-10-13,0.853,0.876,0.845,0.862,73102900.0,63322460.0
2022-10-14,0.875,0.883,0.863,0.881,64435700.0,56273093.0
2022-10-17,0.878,0.908,0.87,0.905,68621300.0,61420896.0
2022-10-18,0.907,0.907,0.889,0.895,72798500.0,65182462.0
2022-10-19,0.895,0.899,0.884,0.889,64220500.0,57278420.0
2022-10-20,0.882,0.942,0.88,0.927,73600800.0,66813304.0
2022-10-21,0.928,0.942,0.908,0.937,107479800.0,99658909.0
2022-10-24,0.939,0.963,0.935,0.942,85734100.0,81115062.0
2022-10-25,0.935,0.942,0.917,0.926,72069500.0,67051176.99999999
2022-10-26,0.925,0.968,0.914,0.965,87068100.0,82926696.0
2022-10-27,0.962,0.983,0.95,0.967,105422100.0,101824976.0
2022-10-28,0.962,0.98,0.953,0.958,124066620.0,120845815.0
2022-10-31,0.952,1.003,0.95,0.998,87083000.0,86246829.0
2022-11-01,1.0,1.009,0.978,1.0,145292737.0,143548948.0
2022-11-02,0.99,1.008,0.989,1.002,83209037.0,83280570.0
2022-11-03,0.996,1.025,0.995,1.023,91010500.0,92200740.0
2022-11-04,1.024,1.033,1.009,1.031,91976000.0,93561465.0
2022-11-07,1.035,1.038,1.01,1.012,60141600.0,61378764.0
2022-11-08,1.006,1.011,0.992,1.005,81321300.0,81313434.0
2022-11-09,1.0,1.015,0.994,1.001,82376300.0,82851972.0
2022-11-10,0.999,1.007,0.98,0.983,86750500.0,86147427.0
2022-11-11,1.013,1.031,0.985,0.986,77860700.0,77941639.0
2022-11-14,0.985,0.999,0.972,0.997,75121300.0,74390312.0
2022-11-15,0.995,1.042,0.993,1.037,104837200.0,107593299.0
2022-11-16,1.037,1.045,1.022,1.025,62326300.0,64240450.0
2022-11-17,1.017,1.059,1.004,1.058,113926300.0,117070253.0
2022-11-18,1.049,1.058,1.025,1.031,80474300.0,83994974.0
2022-11-21,1.016,1.029,1.009,1.026,59859500.0,60958158.0
2022-11-22,1.023,1.031,1.01,1.015,62354700.0,63540265.0
2022-11-23,1.014,1.019,0.985,1.011,65146400.0,65177243.0
2022-11-24,1.01,1.013,0.993,0.994,58608200.0,58422758.0
2022-11-25,0.998,1.009,0.984,0.984,60182900.0,59680686.0
2022-11-28,0.967,0.984,0.953,0.971,61919800.0,60209817.0
2022-11-29,0.971,0.992,0.969,0.985,58159300.0,57052995.0
2022-11-30,0.98,0.985,0.971,0.975,52446000.0,51251292.0
2022-12-01,0.988,1.009,0.985,0.998,61785600.0,61755721.0
2022-12-02,0.999,1.011,0.992,0.996,69467800.0,69652928.0
2022-12-05,1.002,1.008,0.996,1.003,67532000.0,67555623.0
2022-12-06,0.991,1.027,0.991,1.017,69427900.0,70440448.0
2022-12-07,1.008,1.015,1.005,1.01,52634200.0,53168119.0
2022-12-08,1.002,1.007,0.994,0.997,53229100.0,53134391.0
2022-12-09,0.993,1.007,0.993,1.004,46463900.0,46566267.0
2022-12-12,1.008,1.026,0.999,1.019,58303144.99999999,59075664.0
2022-12-13,1.019,1.019,1.002,1.002,53405100.0,53843344.0
2022-12-14,1.025,1.03,0.997,1.001,64556100.0,65132955.0
2022-12-15,1.002,1.016,0.985,1.005,51323100.0,51832158.0
2022-12-16,1.001,1.001,0.985,0.99,50426000.0,49911207.0
2022-12-19,0.988,0.995,0.963,0.968,46966000.0,45825860.0
2022-12-20,0.967,0.974,0.957,0.962,50519600.0,48661549.0
2022-12-21,0.96,0.965,0.943,0.946,56056800.0,53364636.0
2022-12-22,0.946,0.954,0.935,0.937,52886100.0,49977676.0
2022-12-23,0.932,0.938,0.92,0.927,71034100.0,65919641.0
2022-12-26,0.922,0.95,0.922,0.945,52533098.0,49567828.0
2022-12-27,0.949,0.962,0.943,0.96,57363700.0,54578805.0
2022-12-28,0.956,0.958,0.942,0.946,68377100.0,64875390.0
2022-12-29,0.941,0.96,0.94,0.951,59562700.0,56745155.0
2022-12-30,0.951,0.959,0.941,0.947,45224600.0,42797226.0
2023-01-03,0.939,0.972,0.939,0.97,52571800.0,50359980.0
2023-01-04,0.967,0.978,0.958,0.967,46144900.0,44516306.0
2023-01-05,0.968,0.978,0.96,0.972,55682600.0,54031921.0
2023-01-06,0.971,0.976,0.962,0.968,45223900.0,43753944.0
2023-01-09,0.968,0.979,0.957,0.962,55475700.0,53443081.0
2023-01-10,0.963,0.975,0.958,0.963,31412300.0,30279136.0
2023-01-11,0.96,0.972,0.95,0.953,32779000.0,31508524.0
2023-01-12,0.948,0.957,0.943,0.948,41372700.0,39171261.0
2023-01-13,0.949,0.951,0.942,0.951,63195000.0,59715208.0
2023-01-16,0.949,0.985,0.948,0.977,61201800.0,59495109.0
2023-01-17,0.977,0.999,0.975,0.995,44769200.0,44474675.0
2023-01-18,0.994,1.004,0.991,0.998,36850400.0,36858678.0
2023-01-19,0.998,1.027,0.996,1.026,50850450.0,51615192.0
2023-01-20,1.029,1.037,1.022,1.028,32081100.0,32996636.0
2023-01-30,1.04,1.049,1.029,1.032,39795600.0,41212708.0
2023-01-31,1.03,1.03,0.999,1.002,73203100.0,73780945.0
2023-02-01,1.002,1.026,1.002,1.026,39248900.0,39854577.0
2023-02-02,1.033,1.055,1.027,1.042,40264300.0,42036264.0
2023-02-03,1.036,1.056,1.031,1.053,125686456.0,131327369.0
2023-02-06,1.046,1.067,1.042,1.044,60047100.0,63228678.0
2023-02-07,1.045,1.046,1.033,1.039,57491800.0,59740829.0
2023-02-08,1.043,1.051,1.032,1.033,88393800.0,91838656.0
2023-02-09,1.027,1.069,1.022,1.068,52777291.0,55317461.0
2023-02-10,1.061,1.07,1.043,1.051,84633700.0,89084009.0
2023-02-13,1.043,1.065,1.043,1.056,44600100.0,46929053.0
2023-02-14,1.06,1.074,1.05,1.056,61866400.0,65305846.0
2023-02-15,1.056,1.071,1.048,1.071,55289150.0,58743831.0
2023-02-16,1.066,1.075,1.036,1.044,48993244.0,51926415.0
2023-02-17,1.043,1.045,1.013,1.013,96110000.0,98312297.0
2023-02-20,1.015,1.026,1.005,1.023,48797600.0,49458635.0
2023-02-21,1.017,1.031,1.011,1.018,51742337.0,52741813.0
2023-02-22,1.012,1.026,1.009,1.022,36376331.0,37019300.0
2023-02-23,1.016,1.025,1.013,1.018,38724537.0,39474236.0
2023-02-24,1.023,1.033,1.018,1.024,42815100.0,43867313.0
2023-02-27,1.02,1.024,1.009,1.011,36618900.0,37178599.0
2023-02-28,1.014,1.027,1.008,1.017,37335700.0,37948850.0
2023-03-01,1.016,1.037,1.014,1.033,43450800.0,44636068.0
2023-03-02,1.033,1.038,1.027,1.03,45387900.0,46806291.0
2023-03-03,1.041,1.051,1.031,1.042,42568900.0,44309380.0
2023-03-06,1.043,1.057,1.037,1.054,49030500.0,51273753.0
2023-03-07,1.05,1.055,1.024,1.03,60564100.0,63035776.0
2023-03-08,1.028,1.045,1.025,1.041,35378700.0,36680681.0
2023-03-09,1.041,1.058,1.039,1.05,41326500.0,43401812.0
2023-03-10,1.041,1.063,1.04,1.045,45279200.0,47624933.0
2023-03-13,1.043,1.064,1.041,1.063,41114700.0,43144815.0
2023-03-14,1.057,1.089,1.053,1.084,103362400.0,110867623.0
2023-03-15,1.089,1.101,1.072,1.074,81768000.0,88653193.0
2023-03-16,1.068,1.083,1.062,1.065,57726700.0,62019576.0
2023-03-17,1.073,1.123,1.072,1.106,119523400.0,130437872.0
2023-03-20,1.109,1.139,1.106,1.12,73681444.0,82679180.0
2023-03-21,1.117,1.126,1.109,1.121,52909000.0,59100652.0
2023-03-22,1.118,1.135,1.112,1.131,64895700.0,72938560.0
2023-03-23,1.125,1.178,1.124,1.176,81558920.0,94361309.0
2023-03-24,1.177,1.18,1.153,1.174,80060200.0,93598764.0
2023-03-27,1.172,1.191,1.143,1.171,103793030.0,121307220.0
2023-03-28,1.16,1.177,1.141,1.142,57283300.0,66361888.99999999
2023-03-29,1.14,1.208,1.135,1.188,69400700.0,81054393.0
2023-03-30,1.193,1.198,1.169,1.19,58267800.0,69082706.0
2023-03-31,1.187,1.214,1.171,1.213,61261600.0,73030040.0
2023-04-03,1.212,1.28,1.212,1.279,68035028.0,84876283.0
2023-04-04,1.275,1.323,1.266,1.287,84675500.0,109707133.0
2023-04-06,1.262,1.352,1.26,1.332,96563050.0,127892128.0
2023-04-07,1.33,1.348,1.311,1.344,77413513.0,103004822.0
2023-04-10,1.342,1.358,1.278,1.281,91322461.0,120092097.0
2023-04-11,1.28,1.301,1.253,1.274,66455300.0,85082199.0
2023-04-12,1.278,1.304,1.259,1.293,63560119.99999999,81826755.0
2023-04-13,1.29,1.29,1.245,1.246,94623400.0,119943264.0
2023-04-14,1.262,1.307,1.234,1.304,73273600.0,93459443.0
2023-04-17,1.304,1.323,1.297,1.304,50668300.0,66316395.00000001
2023-04-18,1.286,1.3,1.261,1.285,62564700.0,79882902.0
2023-04-19,1.277,1.326,1.277,1.299,61533250.0,80216286.0
2023-04-20,1.293,1.36,1.293,1.36,67838240.0,90702751.0
2023-04-21,1.355,1.356,1.283,1.286,73313400.0,96255514.0
2023-04-24,1.285,1.285,1.25,1.26,77893550.0,98560201.0
2023-04-25,1.26,1.282,1.234,1.244,77280700.0,97098881.0
2023-04-26,1.235,1.25,1.191,1.213,96619759.0,118278018.0
2023-04-27,1.196,1.233,1.191,1.201,56560840.0,68650966.0
2023-04-28,1.198,1.249,1.197,1.245,65243355.00000001,80389218.0
2023-05-04,1.24,1.241,1.202,1.208,53962900.0,65525474.0
2023-05-05,1.203,1.225,1.189,1.191,92674500.0,111768891.0
2023-05-08,1.188,1.217,1.185,1.206,56359050.0,67775386.0
2023-05-09,1.2,1.22,1.177,1.18,46431000.0,55714244.0
2023-05-10,1.171,1.19,1.152,1.163,74349600.0,86503747.0
2023-05-11,1.174,1.193,1.165,1.165,39349400.0,46187188.0
2023-05-12,1.169,1.189,1.153,1.155,53029900.0,61829852.0
2023-05-15,1.152,1.168,1.131,1.162,94321400.0,107762371.0
2023-05-16,1.18,1.183,1.152,1.158,28420200.0,33005210.0
2023-05-17,1.152,1.178,1.15,1.164,30493100.0,35636747.0
2023-05-18,1.165,1.188,1.161,1.183,34625900.0,40759052.0
2023-05-19,1.185,1.208,1.185,1.197,43876300.0,52649110.0
2023-05-22,1.201,1.205,1.175,1.181,55836500.0,66193660.99999999
2023-05-23,1.175,1.176,1.156,1.159,61083300.0,71305451.0
2023-05-24,1.156,1.17,1.137,1.148,71168200.0,81620545.0
2023-05-25,1.15,1.169,1.138,1.16,47671900.0,54849035.0
2023-05-26,1.16,1.2,1.159,1.197,152637400.0,180900880.0
2023-05-29,1.21,1.224,1.201,1.205,68483700.0,82987749.0
2023-05-30,1.196,1.234,1.191,1.229,104751400.0,127214204.0
2023-05-31,1.224,1.24,1.219,1.238,89223698.0,109913734.0
2023-06-01,1.228,1.26,1.228,1.241,74080600.0,92329927.0
2023-06-02,1.243,1.247,1.228,1.238,60069200.0,74365778.0
2023-06-05,1.246,1.268,1.242,1.247,53438400.0,67210383.0
2023-06-06,1.24,1.241,1.204,1.207,68818800.0,84307819.0
2023-06-07,1.204,1.215,1.2,1.206,42078200.0,50833347.0
2023-06-08,1.199,1.199,1.177,1.185,68229500.0,80808858.0
2023-06-09,1.182,1.21,1.174,1.209,70742900.0,84011098.0
2023-06-12,1.208,1.214,1.198,1.198,46471300.0,56047478.0
2023-06-13,1.206,1.233,1.192,1.225,75995900.0,92759544.0
2023-06-14,1.224,1.235,1.215,1.226,89776500.0,110081979.0
2023-06-15,1.222,1.232,1.202,1.203,80366694.0,97317573.0
2023-06-16,1.203,1.23,1.198,1.227,55775200.0,67739110.0
2023-06-19,1.226,1.246,1.218,1.236,50712900.0,62577549.0
2023-06-20,1.23,1.248,1.22,1.244,57618500.0,71088934.0
2023-06-21,1.232,1.235,1.193,1.193,48491560.0,58725794.0
2023-06-26,1.177,1.197,1.169,1.174,48554240.0,57280975.0
2023-06-27,1.175,1.18,1.165,1.174,29825400.0,34974076.0
2023-06-28,1.171,1.183,1.149,1.168,30208700.0,35274605.0
2023-06-29,1.16,1.174,1.157,1.162,21856100.0,25429738.0
2023-06-30,1.162,1.167,1.151,1.163,30106000.0,34905830.0
2023-07-03,1.161,1.172,1.147,1.163,67122900.0,77512380.0
2023-07-04,1.163,1.193,1.159,1.186,40934600.0,48256591.0
2023-07-05,1.185,1.188,1.168,1.171,41952000.0,49358207.0
2023-07-06,1.167,1.183,1.165,1.168,25361500.0,29758994.0
2023-07-07,1.166,1.167,1.143,1.156,53099700.0,61367353.0
2023-07-10,1.155,1.16,1.144,1.149,35778500.0,41202742.0
2023-07-11,1.149,1.17,1.149,1.165,28202100.0,32747858.0
2023-07-12,1.165,1.166,1.134,1.135,42171000.0,48486540.0
2023-07-13,1.136,1.154,1.136,1.15,29120400.0,33427949.999999996
2023-07-14,1.154,1.166,1.15,1.153,29143300.0,33711101.0
2023-07-17,1.153,1.153,1.137,1.141,22973196.0,26258169.0
2023-07-18,1.139,1.15,1.134,1.137,44728600.0,50953703.0
2023-07-19,1.142,1.149,1.132,1.135,38147000.0,43478415.0
2023-07-20,1.134,1.144,1.111,1.112,30529000.0,34228087.0
2023-07-21,1.112,1.114,1.096,1.101,100405700.0,111190540.0
2023-07-24,1.097,1.112,1.094,1.098,48958300.0,53758751.0
2023-07-25,1.104,1.114,1.1,1.113,67886200.0,75203374.0
2023-07-26,1.112,1.117,1.103,1.106,56467200.0,62650682.0
2023-07-27,1.104,1.109,1.089,1.095,57570300.0,63141868.0
2023-07-28,1.091,1.104,1.087,1.102,67313300.0,73683982.0
2023-07-31,1.094,1.118,1.094,1.113,51742200.0,57450950.0
2023-08-01,1.113,1.117,1.106,1.114,32869400.0,36512275.0
2023-08-02,1.111,1.122,1.109,1.118,32813000.0,36658106.0
2023-08-03,1.12,1.125,1.111,1.122,29796500.0,33345286.999999996
2023-08-04,1.125,1.132,1.12,1.132,46513900.0,52423693.0
2023-08-07,1.135,1.137,1.124,1.132,41029700.0,46311200.0
2023-08-08,1.125,1.133,1.124,1.126,30011000.0,33896935.0
2023-08-09,1.123,1.125,1.108,1.109,29639400.0,33105034.0
2023-08-10,1.109,1.113,1.101,1.108,33837400.0,37486038.0
2023-08-11,1.108,1.112,1.085,1.085,30139800.0,33119266.000000004
2023-08-14,1.075,1.08,1.065,1.077,42200800.0,45334662.0
2023-08-15,1.08,1.085,1.053,1.062,34363200.0,36745354.0
2023-08-16,1.062,1.065,1.035,1.036,37733300.0,39656503.0
2023-08-17,1.036,1.056,1.031,1.051,41284200.0,43000275.0
2023-08-18,1.054,1.064,1.031,1.038,45918500.0,48400236.0
2023-08-21,1.031,1.049,1.027,1.03,42622200.0,44268636.0
2023-08-22,1.035,1.051,1.018,1.049,42239800.0,43598750.0
2023-08-23,1.049,1.049,1.018,1.019,45230800.0,46698056.0
2023-08-24,1.026,1.042,1.02,1.027,51663700.0,53194351.0
2023-08-25,1.018,1.022,0.998,1.004,55145000.0,55575435.0
2023-08-28,1.069,1.088,1.011,1.015,71832600.0,74380853.0
2023-08-29,1.015,1.072,1.005,1.069,93973300.0,98807129.0
2023-08-30,1.077,1.113,1.077,1.101,231684900.0,254557279.0
2023-08-31,1.095,1.122,1.092,1.113,187450000.0,208451265.0
2023-09-01,1.114,1.122,1.091,1.112,86263100.0,95390445.0
2023-09-04,1.108,1.113,1.091,1.109,75955600.0,83348744.0
2023-09-05,1.108,1.121,1.095,1.098,134527200.0,149417735.0
2023-09-06,1.093,1.117,1.086,1.112,80253500.0,88279186.0
2023-09-07,1.106,1.108,1.068,1.069,130870700.0,142501187.0
2023-09-08,1.062,1.083,1.061,1.077,92056800.0,98678636.0
2023-09-11,1.071,1.093,1.068,1.079,63709300.0,68819389.0
2023-09-12,1.079,1.083,1.07,1.071,94776300.0,101950556.0
2023-09-13,1.069,1.074,1.047,1.059,112141100.0,118606608.0
2023-09-14,1.058,1.062,1.041,1.043,119647100.0,125322118.0
2023-09-15,1.045,1.064,1.037,1.048,62951800.0,65942069.0
2023-09-18,1.04,1.052,1.036,1.038,50797400.0,53051812.0
2023-09-19,1.037,1.041,1.024,1.03,99060600.0,102293110.0
2023-09-20,1.03,1.035,1.019,1.019,48606200.0,49836212.0
2023-09-21,1.018,1.025,1.01,1.016,46953600.0,47823886.0
2023-09-22,1.011,1.045,1.008,1.043,66756500.0,68716485.0
2023-09-25,1.041,1.043,1.032,1.034,46504300.0,48147485.0
2023-09-26,1.03,1.046,1.03,1.035,139281600.0,145022972.0
2023-09-27,1.031,1.043,1.03,1.035,47793500.0,49577312.0
2023-09-28,1.033,1.051,1.032,1.049,45707300.0,47593504.0
2023-10-09,1.04,1.055,1.033,1.047,94827300.0,99321446.0
2023-10-10,1.053,1.056,1.043,1.045,35753300.0,37532839.0
2023-10-11,1.052,1.064,1.043,1.062,46129000.0,48765252.0
2023-10-12,1.061,1.071,1.055,1.066,55522000.0,58943651.0
2023-10-13,1.057,1.067,1.053,1.059,34343300.0,36418941.0
2023-10-16,1.054,1.058,1.035,1.041,101044700.0,105249002.0
2023-10-17,1.036,1.055,1.036,1.051,63327000.0,66254550.0
2023-10-18,1.051,1.058,1.033,1.033,44085900.0,45973321.0
2023-10-19,1.028,1.053,1.027,1.037,69095900.0,72106187.0
2023-10-20,1.034,1.039,1.016,1.019,96095600.0,98556877.0
2023-10-23,1.017,1.019,0.986,0.99,116051600.0,115736954.0
2023-10-24,0.996,1.019,0.988,1.011,59758000.0,59881009.0
2023-10-25,1.022,1.029,1.007,1.008,28097400.0,28477921.0
2023-10-26,1.003,1.014,0.996,1.013,46125800.0,46199789.0
2023-10-27,1.011,1.028,1.001,1.024,43768100.0,44456304.0
2023-10-30,1.023,1.055,1.02,1.048,81937000.0,85323401.0
2023-10-31,1.051,1.054,1.038,1.046,38624200.0,40378462.0
2023-11-01,1.048,1.056,1.042,1.045,33614400.0,35187627.0
2023-11-02,1.044,1.051,1.031,1.031,86485800.0,90068621.0
2023-11-03,1.035,1.063,1.034,1.062,54410100.0,57055214.0
2023-11-06,1.065,1.076,1.061,1.072,59789700.0,63821380.0
2023-11-07,1.07,1.079,1.066,1.076,42315600.0,45391975.0
2023-11-08,1.072,1.096,1.072,1.091,46307600.0,50201592.0
2023-11-09,1.088,1.094,1.074,1.076,29429449.0,31870810.0
2023-11-10,1.07,1.083,1.068,1.075,36615993.0,39466126.0
2023-11-13,1.081,1.089,1.075,1.084,49847200.0,53924190.0
2023-11-14,1.081,1.096,1.078,1.096,52247300.0,56970091.0
2023-11-15,1.103,1.106,1.086,1.088,66026500.0,72164840.0
2023-11-16,1.087,1.087,1.069,1.069,47438000.0,51064278.0
2023-11-17,1.065,1.077,1.065,1.075,36211200.0,38803971.0
2023-11-20,1.071,1.081,1.064,1.074,44159700.0,47314854.0
2023-11-21,1.077,1.079,1.064,1.064,41857800.0,44855147.0
2023-11-22,1.057,1.066,1.046,1.047,26251500.0,27752614.0
2023-11-23,1.04,1.058,1.037,1.057,48489700.0,50798245.0
2023-11-24,1.057,1.057,1.036,1.039,47394800.0,49521742.0
2023-11-27,1.034,1.056,1.034,1.055,76908800.0,80473809.0
2023-11-28,1.055,1.062,1.05,1.057,82559800.0,87094994.0
2023-11-29,1.062,1.064,1.048,1.049,39217800.0,41378126.0
2023-11-30,1.044,1.054,1.042,1.053,49140100.0,51423199.0
2023-12-01,1.047,1.062,1.044,1.06,34581100.0,36332457.0
2023-12-04,1.063,1.069,1.054,1.054,41352900.0,43999234.0
2023-12-05,1.047,1.051,1.03,1.031,35907300.0,37404825.0
2023-12-06,1.031,1.039,1.025,1.035,33827800.0,34950563.0
2023-12-07,1.03,1.038,1.023,1.033,24779400.0,25520146.0
2023-12-08,1.028,1.057,1.028,1.053,36701000.0,38179827.0
2023-12-11,1.045,1.084,1.045,1.083,56337100.0,59935139.0
2023-12-12,1.079,1.083,1.067,1.073,32306698.0,34750671.0
2023-12-13,1.073,1.08,1.059,1.063,37265300.0,39845681.0
2023-12-14,1.063,1.072,1.052,1.054,41085100.0,43580710.0
2023-12-15,1.054,1.058,1.039,1.044,59151400.0,61925423.0
2023-12-18,1.036,1.041,1.029,1.03,52798700.0,54608847.0
2023-12-19,1.027,1.047,1.027,1.041,51104700.0,53048100.0
2023-12-20,1.041,1.041,1.024,1.025,43330700.0,44747553.0
2023-12-21,1.019,1.043,1.019,1.036,61719200.0,63820331.0
2023-12-22,1.033,1.036,1.019,1.023,56280700.0,57923360.0
2023-12-25,1.017,1.025,1.005,1.009,80043300.0,80834214.0
2023-12-26,1.004,1.009,0.982,0.985,43960100.0,43592769.0
2023-12-27,0.99,1.003,0.988,0.997,66332200.0,66113933.00000001
2023-12-28,0.997,1.019,0.993,1.013,95713000.0,96639838.0
2023-12-29,1.015,1.023,1.013,1.019,37979600.0,38646847.0
2024-01-02,1.019,1.019,1.0,1.001,28803000.0,28980947.0
2024-01-03,0.996,1.004,0.979,0.982,34555400.0,34190543.0
2024-01-04,0.979,0.99,0.965,0.972,39915000.0,38840639.0
2024-01-05,0.968,0.976,0.948,0.953,78024000.0,75047410.0
2024-01-08,0.948,0.952,0.922,0.922,42913700.0,40096601.0
2024-01-09,0.92,0.933,0.911,0.918,41142014.0,37940571.0
2024-01-10,0.908,0.923,0.901,0.908,27565550.0,25069915.0
2024-01-11,0.905,0.927,0.905,0.923,30742500.0,28215446.0
2024-01-12,0.925,0.925,0.907,0.907,42895767.0,39284042.0
2024-01-15,0.902,0.918,0.9,0.905,42710400.0,38774247.0
2024-01-16,0.9,0.907,0.892,0.905,31653700.0,28550144.0
2024-01-17,0.905,0.905,0.882,0.883,42320500.0,37958499.0
2024-01-18,0.882,0.895,0.864,0.891,74420300.0,65388732.0
2024-01-19,0.891,0.901,0.89,0.894,69385200.0,62187977.0
2024-01-22,0.891,0.896,0.854,0.861,46328500.0,40811661.0
2024-01-23,0.858,0.886,0.852,0.875,49318500.0,42886916.0
2024-01-24,0.881,0.884,0.849,0.881,48211507.0,41889815.0
2024-01-25,0.875,0.901,0.868,0.895,99349500.0,88207466.0
2024-01-26,0.893,0.893,0.868,0.87,64339700.0,56493049.0
2024-01-29,0.873,0.885,0.849,0.849,35270300.0,30497286.0
2024-01-30,0.849,0.849,0.814,0.816,39983700.0,33441578.0
2024-01-31,0.816,0.818,0.795,0.797,45916900.0,37002090.0
2024-02-01,0.795,0.825,0.789,0.807,60376400.0,48821220.0
2024-02-02,0.807,0.816,0.759,0.785,44330700.0,35161522.0
2024-02-05,0.779,0.796,0.735,0.778,114962700.0,88732386.0
2024-02-06,0.774,0.847,0.769,0.838,77784400.0,63147319.0
2024-02-07,0.835,0.867,0.833,0.865,41903900.0,35832589.0
2024-02-08,0.866,0.903,0.866,0.875,45789300.0,40629361.0
2024-02-19,0.886,0.902,0.877,0.901,42585300.0,37966959.0
2024-02-20,0.898,0.898,0.881,0.892,32517100.0,28873935.0
2024-02-21,0.878,0.908,0.876,0.887,72372400.0,64866325.0
2024-02-22,0.89,0.91,0.889,0.902,39812800.0,35869608.0
2024-02-23,0.908,0.911,0.889,0.907,35459300.0,31853822.0
2024-02-26,0.907,0.925,0.903,0.914,34880900.0,31837727.0
2024-02-27,0.912,0.958,0.904,0.957,56830800.0,52602239.0
2024-02-28,0.959,0.971,0.913,0.914,119567600.0,112942328.0
2024-02-29,0.908,0.967,0.908,0.966,78043500.0,73786750.0
2024-03-01,0.966,0.984,0.961,0.982,64387387.0,62660915.0
2024-03-04,0.984,1.0,0.968,0.983,63612821.0,62601687.0
2024-03-05,0.974,0.995,0.972,0.986,45007800.0,44364841.0
2024-03-06,0.976,0.985,0.96,0.971,39333200.0,38187782.0
2024-03-07,0.971,0.983,0.948,0.95,49149500.0,47305800.0
2024-03-08,0.949,0.965,0.94,0.961,31772900.0,30273232.0
2024-03-11,0.958,0.974,0.948,0.974,27094500.0,26022245.0
2024-03-12,0.968,0.99,0.968,0.975,26053600.0,25467984.0
2024-03-13,0.978,0.989,0.971,0.973,28428100.0,27876865.0
2024-03-14,0.968,0.973,0.949,0.959,41934500.0,40378041.0
2024-03-15,0.952,0.966,0.946,0.966,35762200.0,34044938.0
2024-03-18,0.963,0.991,0.963,0.989,37193500.0,36388592.0
2024-03-19,0.992,0.992,0.974,0.974,35916100.0,35346284.0
2024-03-20,0.979,0.983,0.969,0.981,31570700.0,30813169.0
2024-03-21,0.982,1.001,0.974,0.975,40046413.0,39601254.0
2024-03-22,0.97,0.982,0.961,0.965,36815700.0,35804845.0
2024-03-25,0.959,0.974,0.946,0.946,41617200.0,39945096.0
2024-03-26,0.943,0.956,0.926,0.927,63064600.0,59135323.0
2024-03-27,0.923,0.927,0.901,0.901,46943300.0,42895995.0
2024-03-28,0.901,0.928,0.901,0.916,30141400.0,27504699.0
2024-03-29,0.914,0.918,0.897,0.917,29735200.0,26977716.0
2024-04-01,0.922,0.931,0.92,0.93,24511699.0,22698764.0
2024-04-02,0.93,0.93,0.912,0.918,35337600.0,32503390.0
2024-04-03,0.915,0.918,0.898,0.898,36799800.0,33246769.999999996
2024-04-08,0.894,0.896,0.876,0.878,42760100.0,37899407.0
2024-04-09,0.888,0.888,0.87,0.887,34231100.0,30022667.0
2024-04-10,0.883,0.887,0.864,0.868,24989700.0,21816644.0
2024-04-11,0.869,0.884,0.869,0.873,34216900.0,30036854.0
2024-04-12,0.88,0.889,0.873,0.879,36237000.0,32013235.0
2024-04-15,0.873,0.898,0.873,0.893,30233400.0,26825372.0
2024-04-16,0.894,0.894,0.87,0.871,27475500.0,24212322.0
2024-04-17,0.885,0.896,0.875,0.894,26838100.0,23785431.0
2024-04-18,0.901,0.903,0.882,0.889,26150100.0,23361926.0
2024-04-19,0.89,0.89,0.865,0.866,20971200.0,18322664.0
2024-04-22,0.855,0.873,0.847,0.868,27203700.0,23499979.0
2024-04-23,0.869,0.874,0.862,0.864,23109000.0,20024404.0
2024-04-24,0.871,0.887,0.868,0.887,36661700.0,32194971.0
2024-04-25,0.886,0.89,0.877,0.88,30931600.0,27284642.0
2024-04-26,0.879,0.91,0.879,0.906,34121600.0,30718084.0
2024-04-29,0.907,0.94,0.907,0.934,45020700.0,41789211.0
2024-04-30,0.939,0.939,0.919,0.922,24483900.0,22632722.0
2024-05-06,0.943,0.943,0.926,0.93,20281800.0,18964742.0
2024-05-07,0.934,0.936,0.912,0.916,16057100.0,14799818.0
2024-05-08,0.918,0.918,0.902,0.906,28402800.0,25740078.0
2024-05-09,0.91,0.927,0.898,0.927,27740000.0,25496845.0
2024-05-10,0.928,0.928,0.906,0.909,19510300.0,17771398.0
2024-05-13,0.908,0.91,0.895,0.901,21291769.0,19230356.0
2024-05-14,0.904,0.91,0.894,0.898,18987500.0,17067450.0
2024-05-15,0.9,0.9,0.884,0.886,16407300.0,14641670.0
2024-05-16,0.892,0.894,0.881,0.885,22976000.0,20415718.0
2024-05-17,0.887,0.898,0.879,0.898,26057900.0,23171941.0
2024-05-20,0.9,0.91,0.891,0.899,17553800.0,15868049.0
2024-05-21,0.9,0.904,0.891,0.893,21362721.0,19184030.0
2024-05-22,0.899,0.899,0.884,0.895,17317000.0,15404088.0
2024-05-23,0.895,0.899,0.881,0.881,25352000.0,22503502.0
2024-05-24,0.881,0.885,0.858,0.859,27833600.0,24339561.0
2024-05-27,0.864,0.881,0.849,0.878,55715700.0,48298419.0
2024-05-28,0.876,0.895,0.872,0.875,31849200.0,28183674.0
2024-05-29,0.873,0.881,0.866,0.871,23005500.0,20117698.0
2024-05-30,0.874,0.891,0.862,0.884,27273500.0,24047841.0
2024-05-31,0.884,0.896,0.882,0.884,13343790.0,11864720.0
2024-06-03,0.889,0.907,0.887,0.9,38096800.0,34268770.0
2024-06-04,0.899,0.904,0.89,0.901,30602300.0,27409560.0
2024-06-05,0.901,0.912,0.897,0.897,21437300.0,19417500.0
2024-06-06,0.906,0.912,0.889,0.892,35566282.0,32053553.0
2024-06-07,0.896,0.903,0.88,0.889,25591700.0,22797803.0
2024-06-11,0.89,0.926,0.886,0.917,57251881.99999999,51695707.0
2024-06-12,0.918,0.924,0.913,0.915,22985561.0,21124923.0
2024-06-13,0.918,0.933,0.918,0.924,31258782.0,28913470.0
2024-06-14,0.923,0.923,0.912,0.919,25451900.0,23315303.0
2024-06-17,0.917,0.93,0.913,0.926,23062500.0,21336893.0
2024-06-18,0.933,0.936,0.919,0.924,23768900.0,22077900.0
2024-06-19,0.93,0.93,0.913,0.922,28245600.0,26005839.0
2024-06-20,0.94,0.949,0.919,0.929,40071300.0,37429082.0
2024-06-21,0.916,0.944,0.911,0.938,39527400.0,36652935.0
2024-06-24,0.929,0.946,0.905,0.907,46565300.0,43168390.0
2024-06-25,0.905,0.908,0.871,0.877,66150500.0,58648435.0
2024-06-26,0.874,0.9,0.872,0.895,29203600.0,25790749.0
2024-06-27,0.895,0.895,0.877,0.879,29176400.0,25759524.0
2024-06-28,0.882,0.89,0.871,0.873,27650100.0,24411386.0
2024-07-01,0.867,0.881,0.854,0.869,20621000.0,17831464.0
2024-07-02,0.87,0.87,0.854,0.855,29886700.0,25750523.0
2024-07-03,0.862,0.871,0.848,0.864,24124100.0,20701915.0
2024-07-04,0.86,0.868,0.847,0.848,25379800.0,21806268.0
2024-07-05,0.852,0.859,0.836,0.856,23770000.0,20038035.0
2024-07-08,0.857,0.865,0.847,0.851,16662600.0,14299479.0
2024-07-09,0.851,0.878,0.843,0.875,43481600.0,37333982.0
2024-07-10,0.87,0.882,0.87,0.873,22689500.0,19878277.0
2024-07-11,0.89,0.893,0.871,0.883,38903127.0,34325429.0
2024-07-12,0.875,0.885,0.868,0.882,22578027.0,19725726.0
2024-07-15,0.88,0.886,0.876,0.88,17915800.0,15794666.0
2024-07-16,0.877,0.908,0.875,0.908,31196800.0,27790406.0
2024-07-17,0.904,0.911,0.901,0.902,22239600.0,20172306.0
2024-07-18,0.889,0.914,0.884,0.906,33832900.0,30348539.0
2024-07-19,0.907,0.931,0.903,0.929,36539400.0,33635908.0
2024-07-22,0.94,0.94,0.923,0.929,36612850.0,34101912.0
2024-07-23,0.929,0.929,0.885,0.886,37557000.0,34087851.0
2024-07-24,0.889,0.896,0.875,0.876,30066800.0,26608977.0
2024-07-25,0.868,0.884,0.868,0.873,22010700.0,19229292.0
2024-07-26,0.869,0.886,0.867,0.88,21148800.0,18520862.0
2024-07-29,0.88,0.884,0.864,0.865,15127600.0,13267137.0
2024-07-30,0.865,0.878,0.857,0.873,21760000.0,18836341.0
2024-07-31,0.879,0.926,0.866,0.917,55953900.0,50439100.0
2024-08-01,0.919,0.928,0.908,0.918,33207800.0,30524716.0
2024-08-02,0.903,0.918,0.891,0.895,33172100.0,29979540.0
2024-08-05,0.893,0.898,0.862,0.863,31865800.0,28107014.0
2024-08-06,0.872,0.879,0.86,0.871,22995386.0,19961161.0
2024-08-07,0.872,0.877,0.864,0.865,18976800.0,16539557.0
2024-08-08,0.864,0.88,0.854,0.87,28654900.0,24767731.0
2024-08-09,0.879,0.885,0.867,0.868,20517300.0,17976739.0
2024-08-12,0.862,0.872,0.861,0.868,26009900.0,22548696.0
2024-08-13,0.87,0.875,0.863,0.874,19465300.0,16916472.0
2024-08-14,0.877,0.878,0.858,0.859,22141700.0,19170474.0
2024-08-15,0.865,0.877,0.856,0.867,27515832.0,23869913.0
2024-08-16,0.872,0.873,0.864,0.865,20392600.0,17692224.0
2024-08-19,0.867,0.875,0.863,0.866,18066900.0,15740627.0
2024-08-20,0.866,0.866,0.851,0.854,26345700.0,22640650.0
2024-08-21,0.854,0.863,0.85,0.854,19652100.0,16856193.0
2024-08-22,0.853,0.86,0.845,0.846,25617700.0,21812986.0
2024-08-23,0.843,0.848,0.833,0.845,29595700.0,24788222.0
2024-08-26,0.838,0.848,0.838,0.842,19726600.0,16652702.000000002
2024-08-27,0.842,0.842,0.831,0.834,23948900.0,20000299.0
2024-08-28,0.832,0.834,0.825,0.828,21453300.0,17780387.0
2024-08-29,0.826,0.844,0.821,0.839,18212350.0,15164113.0
2024-08-30,0.836,0.865,0.836,0.857,31286500.0,26828479.0
2024-09-02,0.857,0.86,0.828,0.828,21550900.0,18163642.0
2024-09-03,0.831,0.842,0.83,0.835,19710250.0,16449951.0
2024-09-04,0.827,0.839,0.822,0.83,15113200.0,12569270.0
2024-09-05,0.832,0.843,0.826,0.83,16885900.0,14071290.0
2024-09-06,0.828,0.834,0.817,0.817,14492000.0,11994801.0
2024-09-09,0.816,0.822,0.808,0.811,15072200.0,12272213.0
2024-09-10,0.811,0.825,0.804,0.82,21108100.0,17138058.0
2024-09-11,0.816,0.824,0.816,0.823,12714300.0,10453709.0
2024-09-12,0.83,0.832,0.814,0.815,9446600.0,7758008.0
2024-09-13,0.816,0.82,0.804,0.806,14029200.0,11419796.0
2024-09-18,0.806,0.81,0.796,0.803,9403000.0,7546657.0
2024-09-19,0.811,0.817,0.796,0.807,13797500.0,11067740.0
2024-09-20,0.811,0.812,0.796,0.804,10053200.0,8072226.0
2024-09-23,0.797,0.813,0.797,0.8,12373300.0,9966844.0
2024-09-24,0.805,0.83,0.793,0.827,39062000.0,31848164.0
2024-09-25,0.83,0.849,0.826,0.827,15167100.0,12727283.0
2024-09-26,0.831,0.859,0.821,0.859,19738400.0,16446268.0
2024-09-27,0.874,0.915,0.873,0.913,8740100.0,7780349.0
2024-09-30,1.03,1.096,0.958,1.096,61263019.99999999,63604489.0
2024-10-08,1.315,1.315,1.2,1.315,85740200.0,111208416.0
2024-10-09,1.398,1.424,1.115,1.276,174892900.0,232849699.0
2024-10-10,1.281,1.31,1.178,1.207,75744800.0,93469664.0
2024-10-11,1.15,1.2,1.118,1.134,61423100.0,70714792.0
2024-10-14,1.121,1.18,1.098,1.177,47174200.0,53710492.0
2024-10-15,1.152,1.195,1.136,1.136,41195400.0,47970179.0
2024-10-16,1.098,1.135,1.089,1.107,31135600.0,34636535.0
2024-10-17,1.127,1.15,1.118,1.12,35737000.0,40564081.0
2024-10-18,1.113,1.335,1.109,1.279,116072300.0,141547646.0
2024-10-21,1.296,1.383,1.256,1.28,130416300.0,170656134.0
2024-10-22,1.251,1.288,1.235,1.256,55819400.0,70215478.0
2024-10-23,1.253,1.265,1.23,1.235,44007700.0,54814901.0
2024-10-24,1.223,1.249,1.217,1.238,29591800.0,36536358.0
2024-10-25,1.238,1.276,1.225,1.243,40327500.0,50198894.0
2024-10-28,1.239,1.245,1.227,1.242,29755300.0,36755354.0
2024-10-29,1.245,1.277,1.231,1.232,37110700.0,46395024.0
2024-10-30,1.23,1.236,1.198,1.214,33093030.0,40294432.0
2024-10-31,1.219,1.242,1.193,1.23,42058800.0,51480184.0
2024-11-01,1.217,1.223,1.181,1.182,32768520.0,39384496.0
2024-11-04,1.179,1.208,1.175,1.206,23838100.0,28563909.0
2024-11-05,1.208,1.273,1.202,1.272,62178600.0,77761785.0
2024-11-06,1.272,1.306,1.259,1.275,46191300.0,59229472.0
2024-11-07,1.25,1.337,1.25,1.326,42479100.0,54987425.0
2024-11-08,1.36,1.389,1.322,1.325,44669900.0,60470320.0
2024-11-11,1.327,1.397,1.322,1.396,41522500.0,57122025.0
2024-11-12,1.397,1.398,1.347,1.365,61367979.0,84305853.0
2024-11-13,1.356,1.379,1.345,1.377,30441500.0,41355972.0
2024-11-14,1.373,1.386,1.326,1.332,28723700.0,39002549.0
2024-11-15,1.333,1.339,1.275,1.277,27667500.0,36252273.0
2024-11-18,1.277,1.292,1.241,1.249,28415600.0,35824693.0
2024-11-19,1.249,1.295,1.237,1.291,28506100.0,35968485.0
2024-11-20,1.288,1.3,1.27,1.293,28375500.0,36427290.0
2024-11-21,1.289,1.32,1.285,1.306,25536000.0,33366155.0
2024-11-22,1.304,1.32,1.251,1.253,26909500.0,34711512.0
2024-11-25,1.252,1.259,1.21,1.234,28904500.0,35553180.0
2024-11-26,1.228,1.248,1.224,1.224,29695700.0,36648488.0
2024-11-27,1.224,1.278,1.207,1.273,50085400.0,62155718.0
2024-11-28,1.27,1.302,1.264,1.27,30118300.0,38593633.0
2024-11-29,1.267,1.332,1.259,1.307,51792800.0,67229514.0
2024-12-02,1.305,1.324,1.296,1.31,21941700.0,28745773.0
2024-12-03,1.309,1.317,1.28,1.289,18392600.0,23848720.0
2024-12-04,1.308,1.32,1.28,1.285,20118800.0,26182941.0
2024-12-05,1.278,1.298,1.276,1.292,15684100.0,20175658.0
2024-12-06,1.301,1.326,1.281,1.311,30760000.0,40262732.0
2024-12-09,1.311,1.314,1.283,1.294,21627600.0,28117030.0
2024-12-10,1.372,1.377,1.305,1.307,23934200.0,31869729.0
2024-12-11,1.3,1.317,1.297,1.305,21970140.0,28699481.0
2024-12-12,1.305,1.315,1.292,1.31,18899300.0,24623578.0
2024-12-13,1.306,1.31,1.285,1.288,22377300.0,29055002.0
2024-12-16,1.284,1.289,1.256,1.263,17736500.0,22529831.0
2024-12-17,1.261,1.27,1.249,1.253,15496300.0,19510365.0
2024-12-18,1.252,1.28,1.248,1.275,20055100.0,25389289.0
2024-12-19,1.258,1.307,1.258,1.297,22500400.0,28982281.0
2024-12-20,1.294,1.355,1.293,1.337,39439700.0,52534458.0
2024-12-23,1.333,1.354,1.308,1.312,27473400.0,36445648.0
2024-12-24,1.313,1.334,1.294,1.332,15811600.0,20823185.0
2024-12-25,1.337,1.349,1.325,1.339,24460000.0,32761609.0
2024-12-26,1.337,1.364,1.33,1.357,23724200.0,32027304.0
2024-12-27,1.357,1.382,1.341,1.344,21055610.0,28675287.0
2024-12-30,1.338,1.363,1.331,1.344,13173000.0,17726763.0
2024-12-31,1.344,1.346,1.296,1.298,18900100.0,24919648.0
2025-01-02,1.296,1.296,1.233,1.246,24851900.0,31389344.0
2025-01-03,1.246,1.255,1.225,1.225,18963800.0,23570926.0
2025-01-06,1.23,1.238,1.209,1.218,13000900.0,15895801.0
2025-01-07,1.226,1.268,1.221,1.267,19405900.0,24076176.0
2025-01-08,1.251,1.283,1.226,1.267,27318900.0,34349530.0
2025-01-09,1.264,1.28,1.262,1.262,20037600.0,25476645.0
2025-01-10,1.261,1.296,1.252,1.252,26721400.0,34192880.0
2025-01-13,1.231,1.255,1.221,1.25,20686300.0,25683710.0
2025-01-14,1.261,1.3,1.243,1.299,26203400.0,33450292.0
2025-01-15,1.285,1.309,1.281,1.292,18246200.0,23607425.0
2025-01-16,1.303,1.309,1.253,1.256,27182400.0,34655797.0
2025-01-17,1.246,1.294,1.241,1.277,22967200.0,29136998.0
2025-01-20,1.285,1.292,1.269,1.279,19577100.0,25090969.0
2025-01-21,1.299,1.302,1.277,1.296,23814200.0,30645386.0
2025-01-22,1.291,1.305,1.286,1.295,17812800.0,23072157.0
2025-01-23,1.305,1.325,1.277,1.282,25223600.0,32863381.0
2025-01-24,1.279,1.302,1.279,1.295,17223200.0,22274455.0
2025-01-27,1.299,1.299,1.261,1.263,16775200.0,21474448.0
2025-02-05,1.303,1.333,1.299,1.313,25706200.0,33709216.0
2025-02-06,1.301,1.36,1.3,1.358,30102100.0,40340947.0
2025-02-07,1.351,1.389,1.34,1.362,34391400.0,46980818.0
2025-02-10,1.365,1.388,1.362,1.386,32243400.0,44413441.0
2025-02-11,1.378,1.389,1.36,1.369,18099700.0,24812458.0
2025-02-12,1.369,1.4,1.367,1.399,23250700.0,32132256.0
2025-02-13,1.4,1.401,1.362,1.364,20107100.0,27837352.0
2025-02-14,1.36,1.368,1.344,1.365,17878400.0,24251970.0
2025-02-17,1.365,1.386,1.365,1.382,25072800.0,34484773.0
2025-02-18,1.376,1.386,1.344,1.348,18706000.0,25584457.0
2025-02-19,1.345,1.394,1.345,1.392,22447600.0,30975800.0
2025-02-20,1.39,1.401,1.374,1.385,18869200.0,26195192.0
2025-02-21,1.392,1.498,1.392,1.481,48914000.0,70827071.0
2025-02-24,1.478,1.496,1.46,1.485,31134400.0,46102432.0
2025-02-25,1.455,1.513,1.451,1.483,27631900.0,40789299.0
2025-02-26,1.488,1.518,1.467,1.511,27510600.0,41215108.0
2025-02-27,1.514,1.531,1.47,1.509,22520800.0,33842412.0
2025-02-28,1.495,1.506,1.432,1.433,26268500.0,38410339.0
2025-03-03,1.434,1.445,1.404,1.414,18869600.0,26815723.0
2025-03-04,1.397,1.454,1.393,1.441,25037700.0,35651830.0
2025-03-05,1.437,1.457,1.43,1.448,18728300.0,27049229.0
2025-03-06,1.466,1.51,1.466,1.507,24381600.0,36547688.0
2025-03-07,1.493,1.507,1.483,1.495,21628200.0,32318971.0
2025-03-10,1.488,1.49,1.459,1.48,20891000.0,30827890.0
2025-03-11,1.451,1.48,1.451,1.474,12563500.0,18436122.0
2025-03-12,1.483,1.499,1.465,1.467,15053600.0,22304108.0
2025-03-13,1.464,1.467,1.421,1.43,20598500.0,29803632.0
2025-03-14,1.43,1.455,1.427,1.454,15001300.0,21651697.0
2025-03-17,1.454,1.463,1.438,1.444,10794600.0,15608872.0
2025-03-18,1.459,1.474,1.452,1.455,11629300.0,16993837.0
2025-03-19,1.444,1.457,1.428,1.431,15842700.0,22779835.0
2025-03-20,1.43,1.431,1.414,1.414,11992400.0,17080297.0
2025-03-21,1.413,1.417,1.371,1.378,21742900.0,30296438.0
2025-03-24,1.379,1.393,1.366,1.392,18784400.0,25925325.0
2025-03-25,1.39,1.391,1.358,1.362,14824800.0,20334472.0
2025-03-26,1.362,1.378,1.36,1.36,11366900.0,15556122.0
2025-03-27,1.359,1.4,1.359,1.379,14410100.0,19855626.0
2025-03-28,1.378,1.385,1.358,1.359,15790800.0,21606289.0
2025-03-31,1.354,1.366,1.34,1.362,18900800.0,25584458.0
2025-04-01,1.363,1.373,1.352,1.354,10785400.0,14693803.0
2025-04-02,1.357,1.366,1.349,1.354,9933000.0,13451281.0
2025-04-03,1.344,1.365,1.337,1.344,13242600.0,17866072.0
2025-04-07,1.235,1.309,1.154,1.22,32983300.0,40810050.0
2025-04-08,1.225,1.247,1.203,1.223,20819400.0,25479554.0
2025-04-09,1.203,1.306,1.195,1.281,25242700.0,31969179.0
2025-04-10,1.331,1.331,1.293,1.297,21912300.0,28577452.0
2025-04-11,1.29,1.37,1.29,1.343,24613800.0,32732317.0
2025-04-14,1.351,1.362,1.332,1.345,18535300.0,24932714.0
2025-04-15,1.344,1.344,1.317,1.328,16063400.0,21306273.0
2025-04-16,1.339,1.345,1.318,1.337,19712200.0,26209681.0
2025-04-17,1.327,1.36,1.327,1.347,16028300.0,21630786.0
2025-04-18,1.342,1.343,1.328,1.336,16082500.0,21451279.0
2025-04-21,1.338,1.351,1.329,1.349,15850000.0,21330275.0
2025-04-22,1.342,1.351,1.335,1.34,13963100.0,18780892.0
2025-04-23,1.341,1.351,1.334,1.34,13953600.0,18713571.0
2025-04-24,1.34,1.353,1.323,1.325,13831100.0,18408250.0
2025-04-25,1.325,1.338,1.315,1.328,10463400.0,13854928.0
2025-04-28,1.328,1.338,1.319,1.329,11685900.0,15536522.0
2025-04-29,1.32,1.333,1.316,1.33,8659100.0,11477481.0
2025-04-30,1.342,1.349,1.323,1.347,8581100.0,11529652.0
2025-05-06,1.348,1.368,1.348,1.368,10230900.0,13924036.0
2025-05-07,1.371,1.395,1.358,1.37,17469200.0,24005174.0
2025-05-08,1.371,1.371,1.358,1.364,9028100.0,12299504.0
2025-05-09,1.356,1.356,1.33,1.332,11609100.0,15542349.0
2025-05-12,1.34,1.355,1.328,1.338,10911400.0,14575552.0
2025-05-13,1.35,1.351,1.331,1.331,9199600.0,12304695.0
2025-05-14,1.333,1.349,1.328,1.338,15188300.0,20312200.0
2025-05-15,1.341,1.341,1.317,1.32,7656500.0,10148885.0
2025-05-16,1.319,1.319,1.308,1.312,7382700.0,9688262.0
2025-05-19,1.312,1.318,1.301,1.314,12248600.0,16056917.0
2025-05-20,1.324,1.324,1.312,1.319,9116200.0,12018472.0
2025-05-21,1.319,1.32,1.309,1.313,8127600.0,10672650.0
2025-05-22,1.312,1.322,1.304,1.305,11471500.0,15068557.0
2025-05-23,1.304,1.311,1.291,1.292,13717350.0,17868641.0
2025-05-26,1.3,1.306,1.292,1.304,19198900.0,24896559.0
2025-05-27,1.3,1.3,1.281,1.283,22658700.0,29206463.0
2025-05-28,1.283,1.286,1.275,1.277,8497200.0,10861245.0
2025-05-29,1.289,1.3,1.277,1.299,11768900.0,15189054.0
2025-05-30,1.288,1.288,1.277,1.284,11824300.0,15142699.0
2025-06-03,1.28,1.301,1.279,1.294,10726800.0,13891376.0
2025-06-04,1.296,1.301,1.292,1.299,13176300.0,17113694.0
2025-06-05,1.303,1.325,1.295,1.324,18677700.0,24487242.0
2025-06-06,1.31,1.324,1.31,1.321,16783500.0,22085757.0
2025-06-09,1.321,1.332,1.31,1.322,15375600.0,20310308.0
2025-06-10,1.329,1.33,1.288,1.296,23177300.0,30226968.0
2025-06-11,1.291,1.304,1.29,1.29,15679700.0,20334134.0
2025-06-12,1.291,1.294,1.281,1.282,9793687.0,12609587.0
2025-06-13,1.28,1.287,1.272,1.282,14579800.0,18641839.0
2025-06-16,1.277,1.29,1.276,1.284,8226439.0,10557332.0
2025-06-17,1.285,1.286,1.27,1.274,10378400.0,13218844.0
2025-06-18,1.274,1.289,1.27,1.285,13108100.0,16754588.0
2025-06-19,1.285,1.298,1.279,1.283,10452000.0,13460280.0
2025-06-20,1.283,1.288,1.272,1.272,9039700.0,11538027.0
2025-06-23,1.27,1.286,1.265,1.277,11637400.0,14880197.0
2025-06-24,1.274,1.305,1.274,1.303,12661900.0,16434204.000000002
2025-06-25,1.308,1.331,1.3,1.331,21964100.0,28892040.0
2025-06-26,1.332,1.344,1.32,1.32,15270200.0,20322350.0
2025-06-27,1.323,1.333,1.314,1.318,8181300.0,10819033.0
2025-06-30,1.324,1.343,1.324,1.342,7684300.0,10283082.0
2025-07-01,1.342,1.344,1.324,1.328,11392700.0,15137868.0
2025-07-02,1.328,1.328,1.303,1.306,9046000.0,11855150.0
2025-07-03,1.304,1.313,1.3,1.31,7843200.0,10249314.0
2025-07-04,1.308,1.327,1.295,1.306,7389800.0,9690082.0
2025-07-07,1.3,1.309,1.297,1.298,4521200.0,5880804.0
2025-07-08,1.296,1.319,1.296,1.319,8964500.0,11782602.0
2025-07-09,1.321,1.321,1.299,1.302,10226500.0,13378882.0
2025-07-10,1.302,1.304,1.293,1.298,9459700.0,12277136.0
2025-07-11,1.297,1.325,1.294,1.318,12161300.0,15956496.0
2025-07-14,1.318,1.324,1.313,1.314,5079700.0,6693217.0
2025-07-15,1.311,1.322,1.307,1.32,6908000.0,9074817.0
2025-07-16,1.32,1.341,1.318,1.321,6475000.0,8606808.0
2025-07-17,1.323,1.332,1.312,1.332,9244500.0,12242874.0
2025-07-18,1.332,1.344,1.325,1.331,7465100.0,9953468.0
2025-07-21,1.33,1.336,1.326,1.331,7258900.0,9667413.0
2025-07-22,1.332,1.342,1.328,1.336,5904300.0,7891030.0
2025-07-23,1.337,1.358,1.333,1.347,13539300.0,18234603.0
2025-07-24,1.345,1.365,1.345,1.364,9238300.0,12547223.0
2025-07-25,1.369,1.407,1.36,1.402,13940000.0,19212839.0
2025-07-28,1.402,1.404,1.391,1.398,13895800.0,19410387.0
2025-07-29,1.398,1.427,1.392,1.421,18406500.0,26016205.0
2025-07-30,1.415,1.426,1.393,1.405,16481800.0,23272034.0
2025-07-31,1.401,1.43,1.393,1.393,15521900.0,21881174.0
2025-08-01,1.393,1.41,1.369,1.381,11986100.0,16646740.000000002
2025-08-04,1.372,1.406,1.372,1.405,10690100.0,14922164.0
2025-08-05,1.407,1.411,1.4,1.408,6880400.0,9668529.0
2025-08-06,1.408,1.42,1.4,1.42,10047400.0,14178548.0
2025-08-07,1.421,1.433,1.407,1.415,13103900.0,18583928.0
2025-08-08,1.418,1.418,1.39,1.39,9800300.0,13718448.0
2025-08-11,1.383,1.405,1.383,1.398,12735100.0,17799481.0
2025-08-12,1.397,1.447,1.391,1.437,19019700.0,27077278.0
2025-08-13,1.436,1.449,1.431,1.449,14538600.0,20945504.0
2025-08-14,1.449,1.5,1.448,1.467,19194700.0,28305792.0
2025-08-15,1.458,1.492,1.45,1.489,13931800.0,20514558.0
2025-08-18,1.508,1.543,1.491,1.523,12899943.0,19588195.0
2025-08-19,1.514,1.531,1.503,1.505,10995300.0,16690070.0
2025-08-20,1.491,1.568,1.488,1.567,16882700.0,25752427.0
2025-08-21,1.572,1.604,1.553,1.564,15742200.0,24801073.0
2025-08-22,1.577,1.741,1.577,1.727,29819392.0,49897449.0
2025-08-25,1.772,1.85,1.718,1.774,33116414.0,58392778.0
2025-08-26,1.742,1.761,1.722,1.74,14436000.0,25163945.0
2025-08-27,1.753,1.846,1.75,1.756,31493500.0,56542899.0
2025-08-28,1.752,1.9,1.75,1.897,31413461.0,57162518.0
2025-08-29,1.856,1.86,1.81,1.857,29702294.0,54502048.0
2025-09-01,1.881,1.894,1.818,1.865,15572829.999999998,28895122.0
2025-09-02,1.855,1.871,1.787,1.808,18456900.0,33632490.0
2025-09-03,1.804,1.807,1.754,1.768,13110500.0,23373504.0
2025-09-04,1.76,1.768,1.613,1.639,47189600.0,78300110.0
2025-09-05,1.662,1.705,1.631,1.698,24440700.0,40513638.0
2025-09-08,1.695,1.698,1.654,1.691,14951100.0,25121551.0
2025-09-09,1.669,1.696,1.653,1.664,16466919.0,27569538.0
2025-09-10,1.686,1.708,1.668,1.687,36242500.0,61197075.0
2025-09-11,1.676,1.806,1.668,1.796,29364400.0,51468266.0
2025-09-12,1.784,1.855,1.775,1.823,31833300.0,58069673.0
2025-09-15,1.844,1.864,1.809,1.829,17126700.0,31397931.0
2025-09-16,1.822,1.877,1.822,1.861,21929300.0,40804918.0
2025-09-17,1.854,1.899,1.83,1.88,15522326.0,29090992.0
2025-09-18,1.885,1.992,1.859,1.906,34846100.0,67222363.0
2025-09-19,1.909,1.941,1.874,1.88,25486100.0,48759287.0
2025-09-22,1.882,1.976,1.862,1.955,25058000.0,48243184.0
2025-09-23,1.958,1.973,1.893,1.959,21410066.0,41519628.0
2025-09-24,1.955,2.07,1.94,2.034,29692200.0,59390493.0
2025-09-25,2.022,2.074,2.02,2.058,65457400.0,134209378.0
2025-09-26,2.032,2.076,2.016,2.023,66932848.0,137397383.0
2025-09-29,2.018,2.051,1.98,2.05,59456868.00000001,120093725.0
2025-09-30,2.066,2.108,2.06,2.091,44128837.0,92224963.0
2025-10-09,2.168,2.236,2.092,2.154,66558400.0,144959213.0
2025-10-10,2.123,2.123,2.006,2.021,49639163.0,102143510.0
2025-10-13,1.915,2.067,1.915,2.064,20953100.0,42543832.0
2025-10-14,2.075,2.09,1.946,1.963,48140700.0,98007948.0
2025-10-15,1.96,1.996,1.929,1.991,30501600.0,59823307.0
2025-10-16,1.986,2.009,1.957,1.97,43817900.0,86940558.0
2025-10-17,1.955,1.964,1.886,1.919,53192137.0,102295997.0
2025-10-20,1.929,1.945,1.884,1.898,42728698.0,81828677.0
2025-10-21,1.902,1.959,1.896,1.95,34971998.0,67757552.0
2025-10-22,1.942,1.983,1.913,1.954,27970408.0,54525940.0
2025-10-23,1.933,1.953,1.911,1.949,31964192.0,61533181.0
2025-10-24,1.969,2.056,1.969,2.052,25665100.0,51800260.0
2025-10-27,2.104,2.104,2.04,2.083,27495100.0,56905749.0
2025-10-28,2.082,2.104,2.05,2.066,41849400.0,86972818.0
2025-10-29,2.061,2.107,2.052,2.085,33504400.0,69388028.0
2025-10-30,2.086,2.093,2.045,2.051,40749100.0,84439533.0
2025-10-31,2.037,2.039,1.975,1.978,34857700.0,69558346.0
2025-11-03,1.944,1.956,1.905,1.948,35692173.0,68879784.0
2025-11-04,1.948,1.971,1.918,1.928,42419173.0,82625380.0
2025-11-05,1.9,1.928,1.882,1.914,35152800.0,66837058.99999999
2025-11-06,1.923,1.998,1.923,1.993,33840000.0,66618147.0
2025-11-07,1.978,1.989,1.953,1.962,24449400.0,48134166.0
2025-11-10,1.972,1.983,1.909,1.941,48201600.0,93493607.0
2025-11-11,1.956,1.967,1.899,1.904,43442600.0,83835683.0
2025-11-12,1.898,1.912,1.873,1.902,61272100.0,115643068.0
2025-11-13,1.899,1.936,1.886,1.932,34316100.0,65710628.0
2025-11-14,1.914,1.916,1.871,1.873,28352200.0,53659891.0
2025-11-17,1.873,1.901,1.855,1.867,24244700.0,45383534.0
